Nama;Penghasilan;Usia;Pekerjaan;Kredit;Keputusan
Abimana Aryasatya;Sedang;Dewasa;Wiraswasta;Bagus;Iya
Abimana Aryasatya;Rendah;Dewasa;Karyawan;Buruk;Tidak
Adam Jordan;Sedang;Dewasa;Karyawan;Bagus;Iya
Adelia Lontoh;Sedang;Lansia;Wiraswasta;Bagus;Iya
Adi Kusuma;Rendah;Dewasa;Wiraswasta;Buruk;Tidak
Adinda Azani;Tinggi;Lansia;Pensiunan;Bagus;Tidak
Adinda Azani;Tinggi;Lansia;Pensiunan;Bagus;Tidak
Adinda Thomas;Tinggi;Lansia;Pensiunan;Bagus;Tidak
Adipati Dolken;Tinggi;Dewasa;Karyawan;Bagus;Iya
Adit Pradana;Sedang;Dewasa;Karyawan;Bagus;Iya
Aditya Prabowo;Tinggi;Lansia;Karyawan;Bagus;Iya
Aditya Zoni;Tinggi;Dewasa;Karyawan;Bagus;Iya
Adrian Saputra;Rendah;Dewasa;Karyawan;Buruk;Tidak
Adrianus Yohanes;Tinggi;Dewasa;Karyawan;Bagus;Iya
Agatha Chelsea;Tinggi;Dewasa;Karyawan;Bagus;Iya
Agatha Pricilla;Tinggi;Dewasa;Karyawan;Bagus;Iya
Aghniny Haque;Rendah;Dewasa;Karyawan;Buruk;Tidak
Agnes Monica;Tinggi;Lansia;Pensiunan;Bagus;Tidak
Agus Kuncoro;Rendah;Dewasa;Karyawan;Buruk;Tidak
Agus Setiawan;Sedang;Dewasa;Karyawan;Bagus;Iya
Agus Setiawan;Tinggi;Lansia;Karyawan;Bagus;Iya
Ahmad Al Ghazali;Tinggi;Dewasa;Karyawan;Bagus;Iya
Ahmad Fauzi;Tinggi;Lansia;Pensiunan;Bagus;Tidak
Ahmad Nabil;Sedang;Dewasa;Karyawan;Bagus;Iya
Aisyah Aqilah;Tinggi;Lansia;Pensiunan;Bagus;Tidak
Aisyah Humaira;Rendah;Dewasa;Karyawan;Buruk;Tidak
Aisyahrani;Tinggi;Lansia;Pensiunan;Bagus;Tidak
Ajeng Kartini;Rendah;Dewasa;Karyawan;Buruk;Tidak
Ajeng Permatasari;Tinggi;Lansia;Pensiunan;Bagus;Tidak
Ajil Ditto;Tinggi;Lansia;Pensiunan;Bagus;Tidak
Al Ghazali;Tinggi;Dewasa;Karyawan;Bagus;Iya
Al Ghazali;Sedang;Dewasa;Wiraswasta;Bagus;Iya
Aldi Ramadhan;Tinggi;Lansia;Wiraswasta;Bagus;Iya
Aldi Syahputra;Tinggi;Lansia;Wiraswasta;Bagus;Iya
Aldi Taher;Tinggi;Dewasa;Karyawan;Bagus;Iya
Aldi Taher;Tinggi;Lansia;Pensiunan;Bagus;Tidak
Aldo Wijaya;Tinggi;Dewasa;Karyawan;Bagus;Iya
Ali Seggaf;Tinggi;Lansia;Pensiunan;Bagus;Tidak
Ali Syakieb;Tinggi;Lansia;Pensiunan;Bagus;Tidak
Aliando Syarief;Tinggi;Lansia;Pensiunan;Bagus;Tidak
Aliando Syarief;Tinggi;Dewasa;Karyawan;Bagus;Iya
Alif Alvarel;Tinggi;Lansia;Pensiunan;Bagus;Tidak
Alika Sari;Rendah;Dewasa;Karyawan;Buruk;Tidak
Alisia Rininta;Rendah;Dewasa;Karyawan;Buruk;Tidak
Alisia Rininta;Tinggi;Lansia;Wiraswasta;Bagus;Iya
Alyssa Soebandono;Rendah;Dewasa;Wiraswasta;Buruk;Tidak
Amanda Manopo;Sedang;Dewasa;Karyawan;Bagus;Iya
Amanda Rawles;Tinggi;Lansia;Pensiunan;Bagus;Tidak
Amanda Rawles;Tinggi;Lansia;Pensiunan;Bagus;Tidak
Amanda Rigby;Tinggi;Dewasa;Wiraswasta;Bagus;Iya
Amanda Rigby;Rendah;Dewasa;Karyawan;Buruk;Tidak
Amara;Sedang;Dewasa;Karyawan;Bagus;Iya
Amel Carla;Tinggi;Lansia;Pensiunan;Bagus;Tidak
Amelia Putri;Tinggi;Dewasa;Karyawan;Bagus;Iya
Ananda Omesh;Tinggi;Dewasa;Pensiunan;Bagus;Iya
Ananda Omesh;Tinggi;Dewasa;Pensiunan;Bagus;Iya
Ananda Omesh;Tinggi;Lansia;Wiraswasta;Bagus;Iya
Anbo On;Tinggi;Lansia;Wiraswasta;Bagus;Iya
Andi Wijaya;Tinggi;Dewasa;Karyawan;Bagus;Iya
Andika Putra;Rendah;Dewasa;Karyawan;Buruk;Tidak
Andin;Tinggi;Lansia;Pensiunan;Bagus;Tidak
Andre;Tinggi;Dewasa;Karyawan;Bagus;Iya
Andre Kurniawan;Tinggi;Lansia;Karyawan;Bagus;Iya
Andre Taulany;Tinggi;Dewasa;Wiraswasta;Bagus;Iya
Andrea Dian;Sedang;Dewasa;Karyawan;Bagus;Iya
Andrew Andika;Tinggi;Lansia;Pensiunan;Bagus;Tidak
Andrew Andika;Tinggi;Lansia;Pensiunan;Bagus;Tidak
Angelina Sondakh;Tinggi;Lansia;Pensiunan;Bagus;Tidak
Angga Aldi;Tinggi;Dewasa;Pensiunan;Bagus;Iya
Angga Aldi Yunanda;Rendah;Dewasa;Karyawan;Buruk;Tidak
Angga Putra;Sedang;Dewasa;Karyawan;Bagus;Iya
Angga Saputra;Rendah;Dewasa;Karyawan;Buruk;Tidak
Angga Yunanda;Tinggi;Lansia;Wiraswasta;Bagus;Iya
Angga Yunanda;Tinggi;Lansia;Pensiunan;Bagus;Tidak
Anggi Permana;Sedang;Dewasa;Wiraswasta;Bagus;Iya
Anggie Khe;Tinggi;Lansia;Pensiunan;Bagus;Tidak
Anggika Bolsterli;Rendah;Dewasa;Karyawan;Buruk;Tidak
Ani Sulastri;Tinggi;Lansia;Pensiunan;Bagus;Tidak
Anisa Rahmawati;Rendah;Dewasa;Karyawan;Buruk;Tidak
Anissa Aziza;Rendah;Dewasa;Karyawan;Buruk;Tidak
Anjasmara;Sedang;Dewasa;Wiraswasta;Bagus;Iya
Anjasmara;Tinggi;Lansia;Wiraswasta;Bagus;Iya
Ankur Syal;Tinggi;Lansia;Pensiunan;Bagus;Tidak
Annisa Fitri;Rendah;Dewasa;Karyawan;Buruk;Tidak
Annisa Pagih;Sedang;Dewasa;Karyawan;Bagus;Iya
Anton Susilo;Rendah;Dewasa;Karyawan;Buruk;Tidak
Anya Geraldine;Tinggi;Dewasa;Wiraswasta;Bagus;Iya
Arafah Rianti;Tinggi;Dewasa;Pensiunan;Bagus;Iya
Ardiansyah Putra;Sedang;Dewasa;Karyawan;Bagus;Iya
Ari Wibowo;Tinggi;Dewasa;Karyawan;Bagus;Iya
Arie Kriting;Rendah;Dewasa;Karyawan;Buruk;Tidak
Arief Didu;Sedang;Dewasa;Wiraswasta;Bagus;Iya
Arief Muhammad;Tinggi;Lansia;Pensiunan;Bagus;Tidak
Arif Hidayat;Tinggi;Dewasa;Karyawan;Bagus;Iya
Arifin Putra;Tinggi;Dewasa;Karyawan;Bagus;Iya
Ario Bayu;Tinggi;Dewasa;Karyawan;Bagus;Iya
Aris Munandar;Rendah;Dewasa;Karyawan;Buruk;Tidak
Armand Maulana;Rendah;Dewasa;Karyawan;Buruk;Tidak
Arsy Herdianto;Tinggi;Dewasa;Karyawan;Bagus;Iya
Arsy Herdianto;Rendah;Dewasa;Wiraswasta;Buruk;Tidak
Arsyah Rasyid;Tinggi;Lansia;Wiraswasta;Bagus;Iya
Arumi Bachsin;Rendah;Dewasa;Karyawan;Buruk;Tidak
Arya Saloka;Sedang;Dewasa;Karyawan;Bagus;Iya
Asep;Sedang;Dewasa;Wiraswasta;Bagus;Iya
Asep Saepudin;Rendah;Dewasa;Karyawan;Buruk;Tidak
Asha Shara;Tinggi;Dewasa;Karyawan;Bagus;Iya
Ashraf Sinclair;Tinggi;Lansia;Pensiunan;Bagus;Tidak
Asmirandah;Rendah;Dewasa;Karyawan;Buruk;Tidak
Asmirandah;Tinggi;Lansia;Pensiunan;Bagus;Tidak
Asrul Dahlan;Tinggi;Lansia;Pensiunan;Bagus;Tidak
Asty Ananta;Tinggi;Dewasa;Pensiunan;Bagus;Iya
Aswin Fabanyo;Tinggi;Dewasa;Pensiunan;Bagus;Iya
Atalarik Syah;Rendah;Dewasa;Karyawan;Buruk;Tidak
Atiqah Hasiholan;Tinggi;Lansia;Wiraswasta;Bagus;Iya
Audi Libtiara;Tinggi;Lansia;Pensiunan;Bagus;Tidak
Audi Marissa;Tinggi;Lansia;Pensiunan;Bagus;Tidak
Audi Marissa;Tinggi;Lansia;Pensiunan;Bagus;Tidak
Aulia;Tinggi;Lansia;Pensiunan;Bagus;Tidak
Aulia Sarah;Tinggi;Dewasa;Pensiunan;Bagus;Iya
Auralia;Sedang;Dewasa;Karyawan;Bagus;Iya
Aurora Ribero;Rendah;Dewasa;Karyawan;Buruk;Tidak
Aurora Ribero;Tinggi;Lansia;Pensiunan;Bagus;Tidak
Axel Matthew;Rendah;Dewasa;Karyawan;Buruk;Tidak
Axel Matthew;Rendah;Dewasa;Wiraswasta;Buruk;Tidak
Ayu Dewi;Sedang;Dewasa;Karyawan;Bagus;Iya
Ayu Hastari;Rendah;Dewasa;Wiraswasta;Buruk;Tidak
Ayu Laksmi;Tinggi;Lansia;Pensiunan;Bagus;Tidak
Ayu Lestari;Tinggi;Dewasa;Karyawan;Bagus;Iya
Ayu Oktaviani;Tinggi;Lansia;Pensiunan;Bagus;Tidak
Ayushita;Tinggi;Dewasa;Wiraswasta;Bagus;Iya
Ayushita;Tinggi;Dewasa;Karyawan;Bagus;Iya
Azis Gagap;Rendah;Dewasa;Wiraswasta;Buruk;Tidak
Azizi Asadel;Tinggi;Lansia;Pensiunan;Bagus;Tidak
Baim Wong;Sedang;Dewasa;Karyawan;Bagus;Iya
Baim Wong;Tinggi;Lansia;Pensiunan;Bagus;Tidak
Bambang Sudirman;Rendah;Dewasa;Karyawan;Buruk;Tidak
Bastian Steel;Sedang;Dewasa;Karyawan;Bagus;Iya
Bayu Septyan;Tinggi;Lansia;Pensiunan;Bagus;Tidak
Bayu Skak;Tinggi;Lansia;Wiraswasta;Bagus;Iya
Beby;Rendah;Dewasa;Karyawan;Bagus;Tidak
Beby Tsabina;Tinggi;Dewasa;Karyawan;Bagus;Iya
Beby Tsabina;Tinggi;Dewasa;Wiraswasta;Bagus;Iya
Bella Graceva;Rendah;Dewasa;Karyawan;Buruk;Tidak
Bella Safira;Tinggi;Dewasa;Karyawan;Bagus;Iya
Bella Salsabila;Tinggi;Dewasa;Pensiunan;Bagus;Iya
Ben Kasyafani;Sedang;Dewasa;Karyawan;Bagus;Iya
Benny Susanto;Rendah;Dewasa;Karyawan;Buruk;Tidak
Bertrand Antolin;Tinggi;Lansia;Pensiunan;Bagus;Tidak
Billy Syahputra;Rendah;Dewasa;Karyawan;Buruk;Tidak
Bima Arya;Sedang;Dewasa;Karyawan;Bagus;Iya
Bio One;Tinggi;Dewasa;Wiraswasta;Bagus;Iya
Bisma Karisma;Tinggi;Dewasa;Karyawan;Bagus;Iya
Bisma Karisma;Rendah;Dewasa;Karyawan;Buruk;Tidak
Bisma Karisma;Tinggi;Dewasa;Karyawan;Bagus;Iya
Boris Bokir;Tinggi;Dewasa;Wiraswasta;Bagus;Iya
Brandon Salim;Sedang;Dewasa;Wiraswasta;Bagus;Iya
Bryan Andrew;Rendah;Dewasa;Wiraswasta;Buruk;Tidak
Bryan Domani;Tinggi;Dewasa;Karyawan;Bagus;Iya
Bryan Mckenzie;Tinggi;Lansia;Pensiunan;Bagus;Tidak
Bubah Alfian;Tinggi;Lansia;Pensiunan;Bagus;Tidak
Bucek;Tinggi;Lansia;Pensiunan;Bagus;Tidak
Budi;Tinggi;Dewasa;Pensiunan;Bagus;Iya
Budi Santoso;Rendah;Dewasa;Karyawan;Buruk;Tidak
Budin;Sedang;Lansia;Wiraswasta;Bagus;Iya
Bunga Zainal;Tinggi;Dewasa;Wiraswasta;Bagus;Iya
Butet Kertaradjasa;Sedang;Dewasa;Karyawan;Bagus;Iya
Cahaya Nurani;Tinggi;Lansia;Pensiunan;Bagus;Tidak
Caisar Putra Aditya;Tinggi;Lansia;Pensiunan;Bagus;Tidak
Caitlin Halderman;Tinggi;Lansia;Pensiunan;Bagus;Tidak
Cak Lontong;Rendah;Dewasa;Karyawan;Buruk;Tidak
Cakra Buwana;Tinggi;Dewasa;Pensiunan;Bagus;Iya
Calvin Jeremy;Tinggi;Dewasa;Wiraswasta;Bagus;Iya
Cantika Davinca;Rendah;Dewasa;Karyawan;Buruk;Tidak
Cathy Fakandi;Rendah;Dewasa;Karyawan;Buruk;Tidak
Celine Evangelista;Tinggi;Lansia;Pensiunan;Bagus;Tidak
Celine Evangelista;Tinggi;Dewasa;Wiraswasta;Bagus;Iya
Cesar;Rendah;Dewasa;Karyawan;Buruk;Tidak
Chelsea Daisy;Tinggi;Lansia;Pensiunan;Bagus;Tidak
Chelsea Islan;Tinggi;Dewasa;Wiraswasta;Bagus;Iya
Chelsea Islan;Tinggi;Dewasa;Wiraswasta;Bagus;Iya
Chicco Jerikho;Sedang;Lansia;Wiraswasta;Bagus;Iya
Chicco Jerikho;Rendah;Dewasa;Karyawan;Buruk;Tidak
Chicco Kurniawan;Tinggi;Lansia;Pensiunan;Bagus;Tidak
Christoffer Nelwan;Tinggi;Lansia;Pensiunan;Bagus;Tidak
Christoffer Nelwan;Tinggi;Lansia;Pensiunan;Bagus;Tidak
Ciara Brosnan;Tinggi;Lansia;Pensiunan;Bagus;Tidak
Cici Paramita;Sedang;Dewasa;Wiraswasta;Bagus;Iya
Cindy Gracia;Tinggi;Lansia;Pensiunan;Bagus;Tidak
Cindy Permata;Tinggi;Lansia;Pensiunan;Bagus;Tidak
Cinta Brian;Tinggi;Dewasa;Wiraswasta;Bagus;Iya
Cinta Laura;Tinggi;Lansia;Wiraswasta;Bagus;Iya
Citra Kirana;Tinggi;Lansia;Pensiunan;Bagus;Tidak
Citra Lestari;Tinggi;Lansia;Wiraswasta;Bagus;Iya
Clara Anastasia;Tinggi;Lansia;Pensiunan;Bagus;Tidak
Clara Bernadeth;Tinggi;Dewasa;Karyawan;Bagus;Iya
Coki Anwar;Tinggi;Dewasa;Wiraswasta;Bagus;Iya
Conny S. Sutanto;Sedang;Dewasa;Wiraswasta;Bagus;Iya
Cut Keke;Tinggi;Dewasa;Wiraswasta;Bagus;Iya
Cut Meyriska;Tinggi;Dewasa;Wiraswasta;Bagus;Iya
Cut Meyriska;Rendah;Dewasa;Karyawan;Buruk;Tidak
Cut Mini;Tinggi;Lansia;Wiraswasta;Bagus;Iya
Cut Mini;Tinggi;Dewasa;Karyawan;Bagus;Iya
Cut Tari;Tinggi;Lansia;Pensiunan;Bagus;Tidak
Daan Aria;Sedang;Dewasa;Karyawan;Bagus;Iya
Daffa Maydera;Rendah;Dewasa;Karyawan;Buruk;Tidak
Daffa Wardhana;Sedang;Dewasa;Karyawan;Bagus;Iya
Daffa Yusuf;Tinggi;Lansia;Pensiunan;Bagus;Tidak
Damarjati;Sedang;Dewasa;Karyawan;Bagus;Iya
Dandy Putra;Rendah;Dewasa;Karyawan;Buruk;Tidak
Daniel Mananta;Sedang;Dewasa;Wiraswasta;Bagus;Iya
Danilla;Tinggi;Dewasa;Karyawan;Bagus;Iya
Dara Rizki Ruhiana;Tinggi;Lansia;Pensiunan;Bagus;Tidak
Dara The Virgin;Tinggi;Lansia;Pensiunan;Bagus;Tidak
Darius Sinathrya;Sedang;Dewasa;Wiraswasta;Bagus;Iya
Darius Sinathrya;Tinggi;Dewasa;Pensiunan;Bagus;Iya
Daud Yordan;Sedang;Lansia;Wiraswasta;Bagus;Iya
Dave Lumentah;Sedang;Dewasa;Wiraswasta;Bagus;Iya
David Nurbianto;Tinggi;Dewasa;Karyawan;Bagus;Iya
Dede Yusuf;Tinggi;Lansia;Pensiunan;Bagus;Tidak
Dedy Sutanto;Sedang;Dewasa;Wiraswasta;Bagus;Iya
Della Novita;Rendah;Dewasa;Karyawan;Buruk;Tidak
Della Puspita;Tinggi;Lansia;Pensiunan;Bagus;Tidak
Delon Thamrin;Tinggi;Dewasa;Karyawan;Bagus;Iya
Denada;Tinggi;Dewasa;Pensiunan;Bagus;Iya
Denira Wiraguna;Tinggi;Lansia;Pensiunan;Bagus;Tidak
Dennis Adhiswara;Tinggi;Lansia;Karyawan;Bagus;Iya
Denny Cagur;Sedang;Dewasa;Karyawan;Bagus;Iya
Denny Sumargo;Sedang;Dewasa;Karyawan;Bagus;Iya
Derby Romero;Rendah;Dewasa;Karyawan;Buruk;Tidak
Desi Ratnasari;Rendah;Dewasa;Karyawan;Buruk;Tidak
Devano Danendra;Tinggi;Lansia;Pensiunan;Bagus;Tidak
Devano Danendra;Rendah;Dewasa;Karyawan;Buruk;Tidak
Devi Kurnia;Tinggi;Dewasa;Wiraswasta;Bagus;Iya
Devi Mulyani;Sedang;Dewasa;Karyawan;Bagus;Iya
Devina Aureel;Sedang;Dewasa;Karyawan;Bagus;Iya
Dewi Gita;Rendah;Dewasa;Karyawan;Buruk;Tidak
Dewi Perssik;Sedang;Dewasa;Karyawan;Bagus;Iya
Dewi Sartika;Tinggi;Lansia;Pensiunan;Bagus;Tidak
Dhea Ananda;Sedang;Dewasa;Wiraswasta;Bagus;Iya
Diah Mustika;Tinggi;Dewasa;Wiraswasta;Bagus;Iya
Dian Sastro;Sedang;Dewasa;Karyawan;Bagus;Iya
Dian Sastro;Sedang;Dewasa;Wiraswasta;Bagus;Iya
Diana Wulandari;Tinggi;Lansia;Pensiunan;Bagus;Tidak
Dico Alvarel;Tinggi;Lansia;Wiraswasta;Bagus;Iya
Didi Petet;Tinggi;Lansia;Karyawan;Bagus;Iya
Didi Riyadi;Sedang;Dewasa;Wiraswasta;Bagus;Iya
Didik Suharto;Rendah;Dewasa;Wiraswasta;Buruk;Tidak
Dika Maulana;Sedang;Dewasa;Wiraswasta;Bagus;Iya
Dimas Aditya;Tinggi;Lansia;Pensiunan;Bagus;Tidak
Dimas Anggara;Tinggi;Dewasa;Pensiunan;Bagus;Iya
Dimas Anggara;Rendah;Dewasa;Karyawan;Buruk;Tidak
Dimas Pratama;Sedang;Dewasa;Karyawan;Bagus;Iya
Dina Rahayu;Tinggi;Lansia;Wiraswasta;Bagus;Iya
Dinda Hauw;Tinggi;Lansia;Pensiunan;Bagus;Tidak
Dinda Kanyadewi;Tinggi;Lansia;Pensiunan;Bagus;Tidak
Dinda Olivia;Tinggi;Dewasa;Wiraswasta;Bagus;Iya
Dion Wiyoko;Tinggi;Dewasa;Karyawan;Bagus;Iya
Dita Fakhrana;Tinggi;Lansia;Wiraswasta;Bagus;Iya
Dita Karang;Tinggi;Lansia;Pensiunan;Bagus;Tidak
Dodi Permana;Sedang;Dewasa;Karyawan;Bagus;Iya
Doni Irawan;Tinggi;Dewasa;Pensiunan;Bagus;Iya
Donna Harun;Sedang;Lansia;Wiraswasta;Bagus;Iya
Donna Harun;Tinggi;Dewasa;Karyawan;Bagus;Iya
Donny Damara;Sedang;Dewasa;Karyawan;Bagus;Iya
Dorman Borisman;Tinggi;Lansia;Pensiunan;Bagus;Tidak
Doyok;Rendah;Dewasa;Karyawan;Bagus;Tidak
Dude Harlino;Rendah;Dewasa;Karyawan;Buruk;Tidak
Dude Harlino;Tinggi;Lansia;Pensiunan;Bagus;Tidak
Dude Harlino;Rendah;Dewasa;Karyawan;Buruk;Tidak
Dustin Tiffani;Tinggi;Lansia;Pensiunan;Bagus;Tidak
Dwi Putra;Tinggi;Lansia;Wiraswasta;Bagus;Iya
Dwi Sasono;Tinggi;Dewasa;Wiraswasta;Bagus;Iya
Dwi Septiani;Tinggi;Lansia;Pensiunan;Bagus;Tidak
Edo Kondologit;Rendah;Dewasa;Wiraswasta;Buruk;Tidak
Edo Saputra;Tinggi;Dewasa;Karyawan;Bagus;Iya
Edwin Superbejo;Rendah;Dewasa;Wiraswasta;Buruk;Tidak
Edwin Tanoto;Tinggi;Lansia;Wiraswasta;Bagus;Iya
Efan Pangestu;Rendah;Dewasa;Karyawan;Buruk;Tidak
Eka Wijaya;Sedang;Lansia;Wiraswasta;Bagus;Iya
Eko Purnomo;Tinggi;Dewasa;Karyawan;Bagus;Iya
Eko Sudarmanto;Sedang;Dewasa;Wiraswasta;Bagus;Iya
El Manik;Tinggi;Lansia;Pensiunan;Bagus;Tidak
Elina Joerg;Rendah;Dewasa;Karyawan;Buruk;Tidak
Elina Joerg;Sedang;Dewasa;Karyawan;Bagus;Iya
Elko Kastanya;Tinggi;Dewasa;Karyawan;Bagus;Iya
Elrandy Jonath;Rendah;Dewasa;Karyawan;Buruk;Tidak
Elsa Kristina;Tinggi;Lansia;Pensiunan;Bagus;Tidak
Elvina Sari;Tinggi;Lansia;Pensiunan;Bagus;Tidak
Eman Sulaiman;Tinggi;Dewasa;Karyawan;Bagus;Iya
Emir Mahira;Rendah;Dewasa;Karyawan;Buruk;Tidak
Enno Lerian;Sedang;Dewasa;Karyawan;Bagus;Iya
Enno Lerian;Tinggi;Lansia;Pensiunan;Bagus;Tidak
Eno Bening;Tinggi;Lansia;Pensiunan;Bagus;Tidak
Eno Bening;Tinggi;Dewasa;Pensiunan;Bagus;Iya
Enzy Storia;Sedang;Dewasa;Wiraswasta;Bagus;Iya
Enzy Storia;Tinggi;Lansia;Pensiunan;Bagus;Tidak
Enzy Storia;Rendah;Dewasa;Karyawan;Buruk;Tidak
Erick Estrada;Rendah;Dewasa;Karyawan;Buruk;Tidak
Erick Estrada;Tinggi;Dewasa;Karyawan;Bagus;Iya
Erna Wati;Rendah;Dewasa;Karyawan;Buruk;Tidak
Ersya Aurelia;Tinggi;Dewasa;Wiraswasta;Bagus;Iya
Eva Asmarani;Tinggi;Lansia;Wiraswasta;Bagus;Iya
Eva Celia;Sedang;Dewasa;Karyawan;Bagus;Iya
Evi Susanti;Tinggi;Lansia;Pensiunan;Bagus;Tidak
Fachri Ahmad;Tinggi;Lansia;Pensiunan;Bagus;Tidak
Fachri Albar;Tinggi;Lansia;Pensiunan;Bagus;Tidak
Fachry Muhammad;Tinggi;Dewasa;Karyawan;Bagus;Iya
Fadil Ramadhan;Rendah;Dewasa;Karyawan;Buruk;Tidak
Fadlan Muhammad;Tinggi;Dewasa;Karyawan;Bagus;Iya
Fadli Ramadhan;Tinggi;Lansia;Pensiunan;Bagus;Tidak
Fadly Faisal;Rendah;Dewasa;Karyawan;Buruk;Tidak
Fahmi Syahputra;Tinggi;Dewasa;Karyawan;Bagus;Iya
Fahrani;Rendah;Dewasa;Karyawan;Bagus;Tidak
Faisal Akbar;Sedang;Dewasa;Wiraswasta;Bagus;Iya
Faisal Ibrahim;Tinggi;Dewasa;Karyawan;Bagus;Iya
Faiz Ibrahim;Tinggi;Dewasa;Wiraswasta;Bagus;Iya
Fajar Hidayat;Rendah;Dewasa;Karyawan;Buruk;Tidak
Fajar Nugraha;Sedang;Lansia;Wiraswasta;Bagus;Iya
Fajar Ramadan;Tinggi;Lansia;Pensiunan;Bagus;Tidak
Fandy Christian;Tinggi;Dewasa;Wiraswasta;Bagus;Iya
Fandy Christian;Tinggi;Lansia;Pensiunan;Bagus;Tidak
Fanny Anggraini;Tinggi;Lansia;Pensiunan;Bagus;Tidak
Fanny Fabriana;Tinggi;Dewasa;Karyawan;Bagus;Iya
Fanny Fabriana;Sedang;Dewasa;Karyawan;Bagus;Iya
Farhan;Tinggi;Dewasa;Karyawan;Bagus;Iya
Farhan Rahman;Rendah;Dewasa;Karyawan;Buruk;Tidak
Farid Zaidt;Tinggi;Lansia;Pensiunan;Bagus;Tidak
Fathir;Sedang;Dewasa;Wiraswasta;Bagus;Iya
Fauzan Akbar;Sedang;Dewasa;Wiraswasta;Bagus;Iya
Fauzi Baadila;Rendah;Dewasa;Karyawan;Buruk;Tidak
Faye Andriany;Tinggi;Dewasa;Wiraswasta;Bagus;Iya
Febby Blink;Tinggi;Dewasa;Wiraswasta;Bagus;Iya
Febby Blink;Tinggi;Lansia;Pensiunan;Bagus;Tidak
Febby Rastanty;Tinggi;Lansia;Wiraswasta;Bagus;Iya
Feby Rolen;Rendah;Dewasa;Karyawan;Buruk;Tidak
Feby Rolen;Tinggi;Dewasa;Wiraswasta;Bagus;Iya
Fedi Nuril;Tinggi;Lansia;Karyawan;Bagus;Iya
Felicya Angelista;Tinggi;Lansia;Pensiunan;Bagus;Tidak
Felicya Angelista;Rendah;Dewasa;Karyawan;Buruk;Tidak
Feni Rose;Tinggi;Dewasa;Wiraswasta;Bagus;Iya
Fero Walandouw;Rendah;Dewasa;Karyawan;Buruk;Tidak
Ferry Irawan;Tinggi;Dewasa;Wiraswasta;Bagus;Iya
Ferry Maryadi;Tinggi;Lansia;Wiraswasta;Bagus;Iya
Ferry Maryadi;Tinggi;Lansia;Pensiunan;Bagus;Tidak
Fico Fachriza;Rendah;Dewasa;Karyawan;Buruk;Tidak
Fiki Alman;Tinggi;Lansia;Pensiunan;Bagus;Tidak
Filda Farma;Tinggi;Dewasa;Wiraswasta;Bagus;Iya
Firda Razak;Tinggi;Lansia;Pensiunan;Bagus;Tidak
Firdaus Noor;Tinggi;Lansia;Wiraswasta;Bagus;Iya
Fitrah Khalid;Tinggi;Lansia;Wiraswasta;Bagus;Iya
Fitri Carlina;Tinggi;Dewasa;Wiraswasta;Bagus;Iya
Fitri Sejuang;Sedang;Dewasa;Karyawan;Bagus;Iya
Fitria Ramadhani;Tinggi;Lansia;Pensiunan;Bagus;Tidak
Fitriani;Tinggi;Lansia;Pensiunan;Bagus;Tidak
Gabriel Prince;Tinggi;Lansia;Pensiunan;Bagus;Tidak
Gading Marten;Rendah;Dewasa;Wiraswasta;Buruk;Tidak
Gading Marten;Tinggi;Lansia;Wiraswasta;Bagus;Iya
Galih Ginanjar;Sedang;Dewasa;Karyawan;Bagus;Iya
Galih Permadi;Tinggi;Lansia;Wiraswasta;Bagus;Iya
Gantar Bumi;Tinggi;Lansia;Pensiunan;Bagus;Tidak
Ghea D'Syawal;Sedang;Dewasa;Karyawan;Bagus;Iya
Ghea Youbi;Sedang;Dewasa;Karyawan;Bagus;Iya
Gilang Bhaskara;Tinggi;Dewasa;Karyawan;Bagus;Iya
Gilang Ramadan;Sedang;Dewasa;Karyawan;Bagus;Iya
Gilang Ramadhan;Rendah;Dewasa;Karyawan;Buruk;Tidak
Giorgino Abraham;Rendah;Dewasa;Karyawan;Buruk;Tidak
Giring Nidji;Tinggi;Lansia;Pensiunan;Bagus;Tidak
Gita Gayatri;Tinggi;Lansia;Pensiunan;Bagus;Tidak
Gita Savitri;Tinggi;Dewasa;Karyawan;Bagus;Iya
Gita Sinaga;Tinggi;Lansia;Wiraswasta;Bagus;Iya
Glenn Alinskie;Rendah;Dewasa;Karyawan;Buruk;Tidak
Guntur Prakoso;Tinggi;Dewasa;Pensiunan;Bagus;Iya
Guntur Triyadi;Tinggi;Lansia;Wiraswasta;Bagus;Iya
H. Bolot;Sedang;Dewasa;Karyawan;Bagus;Iya
Hafizh Rahman;Rendah;Dewasa;Karyawan;Buruk;Tidak
Hamish Daud;Sedang;Dewasa;Karyawan;Bagus;Iya
Hana Safitri;Tinggi;Dewasa;Wiraswasta;Bagus;Iya
Hanggini;Tinggi;Lansia;Pensiunan;Bagus;Tidak
Hannah Al Rashid;Sedang;Dewasa;Wiraswasta;Bagus;Iya
Hario Pramudito;Tinggi;Dewasa;Pensiunan;Bagus;Iya
Harly Valentino;Tinggi;Lansia;Pensiunan;Bagus;Tidak
Hasyakila Utami;Tinggi;Lansia;Wiraswasta;Bagus;Iya
Hasyakila Utami;Rendah;Dewasa;Karyawan;Buruk;Tidak
Hendra Cipta;Rendah;Dewasa;Karyawan;Buruk;Tidak
Hendra Pratama;Sedang;Dewasa;Wiraswasta;Bagus;Iya
Hendri Gunawan;Tinggi;Lansia;Pensiunan;Bagus;Tidak
Hendro Wibowo;Tinggi;Lansia;Pensiunan;Bagus;Tidak
Hendy Bintoro;Tinggi;Dewasa;Karyawan;Bagus;Iya
Henidar Amroe;Tinggi;Dewasa;Karyawan;Bagus;Iya
Heri Setiawan;Sedang;Lansia;Wiraswasta;Bagus;Iya
Herichan;Tinggi;Lansia;Pensiunan;Bagus;Tidak
Husein Ja'far Al Hadar;Tinggi;Lansia;Pensiunan;Bagus;Tidak
Ibnu Jamil;Rendah;Dewasa;Karyawan;Buruk;Tidak
Ibnu Jamil;Tinggi;Dewasa;Pensiunan;Bagus;Iya
Iis Sugiarti;Tinggi;Lansia;Wiraswasta;Bagus;Iya
Ikhsan Pratama;Tinggi;Dewasa;Karyawan;Bagus;Iya
Ina Marlina;Tinggi;Lansia;Pensiunan;Bagus;Tidak
Indah Kusumah;Tinggi;Lansia;Pensiunan;Bagus;Tidak
Indah Permatasari;Tinggi;Dewasa;Karyawan;Bagus;Iya
Indra Bekti;Tinggi;Lansia;Wiraswasta;Bagus;Iya
Indra Birowo;Tinggi;Lansia;Pensiunan;Bagus;Tidak
Indra Jegel;Tinggi;Dewasa;Pensiunan;Bagus;Iya
Indra Lesmana;Tinggi;Lansia;Pensiunan;Bagus;Tidak
Inne Azri;Sedang;Lansia;Wiraswasta;Bagus;Iya
Intan Kirana;Rendah;Dewasa;Karyawan;Buruk;Tidak
Intan Permata;Rendah;Dewasa;Wiraswasta;Buruk;Tidak
Iqbaal Dhiafakhri;Tinggi;Lansia;Pensiunan;Bagus;Tidak
Iqbaal Ramadhan;Rendah;Dewasa;Karyawan;Buruk;Tidak
Ira Wibowo;Rendah;Dewasa;Wiraswasta;Buruk;Tidak
Irfan Hakim;Tinggi;Dewasa;Wiraswasta;Bagus;Iya
Irfan Hakim;Tinggi;Lansia;Pensiunan;Bagus;Tidak
Irfan Maulana;Sedang;Dewasa;Wiraswasta;Bagus;Iya
Irish Bella;Tinggi;Dewasa;Karyawan;Bagus;Iya
Irvan Maulana;Tinggi;Lansia;Wiraswasta;Bagus;Iya
Irwan Setiawan;Tinggi;Lansia;Pensiunan;Bagus;Tidak
Irwansyah;Sedang;Dewasa;Karyawan;Bagus;Iya
Ismail;Rendah;Dewasa;Wiraswasta;Buruk;Tidak
Ivan Gunawan;Tinggi;Lansia;Pensiunan;Bagus;Tidak
Ivan Gunawan;Tinggi;Lansia;Pensiunan;Bagus;Tidak
Iwa K;Tinggi;Dewasa;Karyawan;Bagus;Iya
Iwan Setiawan;Tinggi;Dewasa;Wiraswasta;Bagus;Iya
Iwel Wel;Tinggi;Lansia;Pensiunan;Bagus;Tidak
Jagat Krisna;Tinggi;Dewasa;Wiraswasta;Bagus;Iya
Jaja Mihardja;Rendah;Dewasa;Karyawan;Buruk;Tidak
Jaja Suherman;Sedang;Dewasa;Karyawan;Bagus;Iya
Jajang C. Noer;Sedang;Dewasa;Wiraswasta;Bagus;Iya
Januar Arifin;Rendah;Dewasa;Karyawan;Bagus;Tidak
Januar Muhammad;Tinggi;Dewasa;Wiraswasta;Bagus;Iya
Jarwo Kwat;Tinggi;Lansia;Pensiunan;Bagus;Tidak
Jasmine Elsafira;Rendah;Dewasa;Karyawan;Buruk;Tidak
Jefan Nathanio;Tinggi;Dewasa;Pensiunan;Bagus;Iya
Jeffry Reksa;Tinggi;Dewasa;Karyawan;Bagus;Iya
Jefri Kurniawan;Tinggi;Dewasa;Pensiunan;Bagus;Iya
Jefri Nichol;Tinggi;Lansia;Pensiunan;Bagus;Tidak
Jefri Susanto;Sedang;Lansia;Wiraswasta;Bagus;Iya
Jeje Govinda;Tinggi;Lansia;Pensiunan;Bagus;Tidak
Jennifer Coppen;Tinggi;Lansia;Pensiunan;Bagus;Tidak
Jesika C. Dewi;Rendah;Dewasa;Karyawan;Buruk;Tidak
Jessica Anastasia;Rendah;Dewasa;Karyawan;Buruk;Tidak
Jessica Mila;Tinggi;Lansia;Pensiunan;Bagus;Tidak
Jihan Fahira;Tinggi;Lansia;Wiraswasta;Bagus;Iya
Jihan Safira;Tinggi;Lansia;Wiraswasta;Bagus;Iya
Jihane Almira;Rendah;Dewasa;Karyawan;Buruk;Tidak
Jihane Almira;Sedang;Dewasa;Karyawan;Bagus;Iya
Joe P Project;Tinggi;Lansia;Pensiunan;Bagus;Tidak
Joe Taslim;Tinggi;Lansia;Wiraswasta;Bagus;Iya
Joe Taslim;Rendah;Dewasa;Karyawan;Buruk;Tidak
John De Rantau;Rendah;Dewasa;Karyawan;Buruk;Tidak
Jojon;Tinggi;Dewasa;Wiraswasta;Bagus;Iya
Jojon;Tinggi;Dewasa;Wiraswasta;Bagus;Iya
Joko Susilo;Tinggi;Lansia;Pensiunan;Bagus;Tidak
Joni Kurniawan;Tinggi;Dewasa;Wiraswasta;Bagus;Iya
Jono;Rendah;Dewasa;Karyawan;Buruk;Tidak
Joshua Suherman;Sedang;Dewasa;Karyawan;Bagus;Iya
Jourdy Pranata;Tinggi;Dewasa;Karyawan;Bagus;Iya
Jourdy Pranata;Rendah;Dewasa;Karyawan;Buruk;Tidak
Jourdy Pranata;Tinggi;Dewasa;Wiraswasta;Bagus;Iya
Jovi Adhiguna;Rendah;Dewasa;Karyawan;Buruk;Tidak
Jui Purwoto;Tinggi;Lansia;Pensiunan;Bagus;Tidak
Julie Estelle;Tinggi;Dewasa;Wiraswasta;Bagus;Iya
Junior Liem;Tinggi;Lansia;Wiraswasta;Bagus;Iya
Junior Roberts;Tinggi;Dewasa;Karyawan;Bagus;Iya
Junior Roberts;Tinggi;Lansia;Pensiunan;Bagus;Tidak
Kangen Band;Tinggi;Dewasa;Karyawan;Bagus;Iya
Kania Sutisna;Sedang;Dewasa;Wiraswasta;Bagus;Iya
Karina Melati;Tinggi;Lansia;Pensiunan;Bagus;Tidak
Karina Suwandhi;Tinggi;Lansia;Pensiunan;Bagus;Tidak
Karina Suwandi;Tinggi;Lansia;Pensiunan;Bagus;Tidak
Kartika Dewi;Tinggi;Lansia;Pensiunan;Bagus;Tidak
Kartika Putri;Rendah;Dewasa;Wiraswasta;Buruk;Tidak
Kayla Zahra;Tinggi;Dewasa;Karyawan;Bagus;Iya
Keanu Azka Briansyah;Tinggi;Dewasa;Karyawan;Bagus;Iya
Keisha Nadira;Tinggi;Lansia;Pensiunan;Bagus;Tidak
Keisya Levronka;Rendah;Dewasa;Karyawan;Buruk;Tidak
Keisya Levronka;Rendah;Dewasa;Karyawan;Buruk;Tidak
Kevin Julio;Rendah;Dewasa;Karyawan;Buruk;Tidak
Keysha Oktaviani;Tinggi;Lansia;Pensiunan;Bagus;Tidak
Kikan Namara;Tinggi;Lansia;Pensiunan;Bagus;Tidak
Kiki Andriani;Tinggi;Lansia;Pensiunan;Bagus;Tidak
Kiki Rizky;Rendah;Dewasa;Wiraswasta;Buruk;Tidak
Kiki Rizky;Rendah;Dewasa;Karyawan;Buruk;Tidak
Kinaryosih;Tinggi;Dewasa;Karyawan;Bagus;Iya
Kirana Larasati;Tinggi;Lansia;Pensiunan;Bagus;Tidak
Kirana Sari;Tinggi;Lansia;Pensiunan;Bagus;Tidak
Koko Prasetyo;Sedang;Dewasa;Wiraswasta;Bagus;Iya
Komeng;Rendah;Dewasa;Karyawan;Buruk;Tidak
Krisjiana Baharudin;Tinggi;Lansia;Pensiunan;Bagus;Tidak
Krisna Mukti;Tinggi;Dewasa;Karyawan;Bagus;Iya
Kumala Sari;Tinggi;Dewasa;Pensiunan;Bagus;Iya
Kurniawan Adi;Tinggi;Dewasa;Karyawan;Bagus;Iya
Kylie;Sedang;Dewasa;Karyawan;Bagus;Iya
L. K. Ireng;Tinggi;Lansia;Pensiunan;Bagus;Tidak
Laga Kumeriang;Rendah;Dewasa;Karyawan;Buruk;Tidak
Laila Nurhaliza;Tinggi;Lansia;Pensiunan;Bagus;Tidak
Lala Karmila;Tinggi;Lansia;Pensiunan;Bagus;Tidak
Lania Fira;Tinggi;Lansia;Wiraswasta;Bagus;Iya
Lania Fira;Tinggi;Lansia;Pensiunan;Bagus;Tidak
Laras Ati;Tinggi;Lansia;Pensiunan;Bagus;Tidak
Lasmi;Sedang;Dewasa;Karyawan;Bagus;Iya
Laudya Cynthia;Sedang;Dewasa;Karyawan;Bagus;Iya
Lea Ciar;Tinggi;Dewasa;Pensiunan;Bagus;Iya
Lia Marlina;Tinggi;Lansia;Pensiunan;Bagus;Tidak
Lian Firman;Rendah;Dewasa;Karyawan;Buruk;Tidak
Lian Firman;Sedang;Dewasa;Wiraswasta;Bagus;Iya
Lili Suryani;Tinggi;Lansia;Pensiunan;Bagus;Tidak
Lina Marlina;Tinggi;Dewasa;Wiraswasta;Bagus;Iya
Linda Sari;Rendah;Dewasa;Karyawan;Buruk;Tidak
Linda Wijaya;Rendah;Dewasa;Karyawan;Buruk;Tidak
Lisa Indriani;Sedang;Dewasa;Wiraswasta;Bagus;Iya
Lolox;Tinggi;Dewasa;Karyawan;Bagus;Iya
Lucky Hakim;Rendah;Dewasa;Karyawan;Buruk;Tidak
Lukman Sardi;Rendah;Dewasa;Karyawan;Buruk;Tidak
Lukman Sardi;Rendah;Dewasa;Wiraswasta;Buruk;Tidak
Luna Maya;Rendah;Dewasa;Karyawan;Buruk;Tidak
Luna Shabrina;Rendah;Dewasa;Karyawan;Bagus;Tidak
Luthfi;Tinggi;Dewasa;Wiraswasta;Bagus;Iya
Lydia Kandou;Tinggi;Lansia;Pensiunan;Bagus;Tidak
Mahalini;Tinggi;Lansia;Wiraswasta;Bagus;Iya
Mahesa Aulia Dinsi;Sedang;Dewasa;Karyawan;Bagus;Iya
Maia Estianty;Tinggi;Lansia;Pensiunan;Bagus;Tidak
Manda Putri;Sedang;Dewasa;Karyawan;Bagus;Iya
Marcel Chandrawinata;Tinggi;Dewasa;Pensiunan;Bagus;Iya
Marcelino Lefrandt;Tinggi;Dewasa;Karyawan;Bagus;Iya
Marcell Darwin;Rendah;Dewasa;Karyawan;Buruk;Tidak
Marcell Siahaan;Tinggi;Dewasa;Wiraswasta;Bagus;Iya
Mario Lawalata;Tinggi;Dewasa;Wiraswasta;Bagus;Iya
Mario Maulana;Sedang;Dewasa;Wiraswasta;Bagus;Iya
Marissa Jeffryna;Tinggi;Lansia;Wiraswasta;Bagus;Iya
Marshanda;Sedang;Dewasa;Karyawan;Bagus;Iya
Marthino Lio;Tinggi;Lansia;Pensiunan;Bagus;Tidak
Marthino Lio;Sedang;Dewasa;Karyawan;Bagus;Iya
Masayu Anastasia;Rendah;Dewasa;Karyawan;Buruk;Tidak
Masayu Clara;Rendah;Dewasa;Karyawan;Bagus;Tidak
Mastur;Tinggi;Dewasa;Wiraswasta;Bagus;Iya
Mathias Muchus;Rendah;Dewasa;Karyawan;Bagus;Tidak
Maudy Ayunda;Tinggi;Lansia;Pensiunan;Bagus;Tidak
Maulana Malik;Tinggi;Lansia;Pensiunan;Bagus;Tidak
Mawar de Jongh;Rendah;Dewasa;Karyawan;Buruk;Tidak
Mawar Eva;Tinggi;Lansia;Wiraswasta;Bagus;Iya
Maxime Bouttier;Sedang;Dewasa;Karyawan;Bagus;Iya
Maximus;Rendah;Dewasa;Karyawan;Buruk;Tidak
Maya Anggita;Tinggi;Dewasa;Karyawan;Bagus;Iya
Maya Indah;Sedang;Dewasa;Wiraswasta;Bagus;Iya
Maya Permatasari;Sedang;Dewasa;Karyawan;Bagus;Iya
Maya Sari;Tinggi;Lansia;Pensiunan;Bagus;Tidak
Maya Sari;Tinggi;Dewasa;Pensiunan;Bagus;Iya
Medina;Sedang;Dewasa;Karyawan;Bagus;Iya
Mega Puspita;Tinggi;Lansia;Pensiunan;Bagus;Tidak
Melaney Ricardo;Tinggi;Lansia;Pensiunan;Bagus;Tidak
Melati Indah;Rendah;Dewasa;Wiraswasta;Buruk;Tidak
Melky Bajaj;Tinggi;Dewasa;Wiraswasta;Bagus;Iya
Melody Nurramdhani;Rendah;Dewasa;Karyawan;Buruk;Tidak
Mely Susanti;Tinggi;Dewasa;Karyawan;Bagus;Iya
Meriam Bellina;Tinggi;Lansia;Pensiunan;Bagus;Tidak
Mian Tiara;Rendah;Dewasa;Karyawan;Buruk;Tidak
Michael Kho;Tinggi;Dewasa;Wiraswasta;Bagus;Iya
Michelle Ziudith;Tinggi;Lansia;Pensiunan;Bagus;Tidak
Mike Lewis;Tinggi;Lansia;Pensiunan;Bagus;Tidak
Mike Muliadro;Tinggi;Dewasa;Wiraswasta;Bagus;Iya
Mikha Hernan;Tinggi;Lansia;Pensiunan;Bagus;Tidak
Mikha Tambayong;Sedang;Dewasa;Wiraswasta;Bagus;Iya
Miko Kamal;Tinggi;Dewasa;Wiraswasta;Bagus;Iya
Mila Camelia;Tinggi;Lansia;Pensiunan;Bagus;Tidak
Mila Kurnia;Tinggi;Lansia;Pensiunan;Bagus;Tidak
Miller Khan;Sedang;Dewasa;Wiraswasta;Bagus;Iya
Miller Khan;Sedang;Dewasa;Karyawan;Bagus;Iya
Minno C. M. R.;Sedang;Dewasa;Karyawan;Bagus;Iya
Miqdad Addausy;Tinggi;Lansia;Pensiunan;Bagus;Tidak
Mira Asmara;Tinggi;Lansia;Pensiunan;Bagus;Tidak
Mischa Chandrawinata;Tinggi;Dewasa;Wiraswasta;Bagus;Iya
Mischa Chandrawinata;Sedang;Dewasa;Wiraswasta;Bagus;Iya
Mo Sidik;Tinggi;Lansia;Pensiunan;Bagus;Tidak
Moammar Emka;Tinggi;Dewasa;Pensiunan;Bagus;Iya
Mohammad Aditya;Sedang;Lansia;Wiraswasta;Bagus;Iya
Monika Sari;Tinggi;Lansia;Pensiunan;Bagus;Tidak
Morgan Oey;Sedang;Dewasa;Wiraswasta;Bagus;Iya
Mpok Alpa;Tinggi;Dewasa;Wiraswasta;Bagus;Iya
Mpok Ani;Sedang;Dewasa;Karyawan;Bagus;Iya
Mpok Atiek;Tinggi;Lansia;Pensiunan;Bagus;Tidak
Mpok Imey;Sedang;Dewasa;Wiraswasta;Bagus;Iya
Mpok Ipek;Sedang;Dewasa;Karyawan;Bagus;Iya
Mpok Lina;Tinggi;Dewasa;Pensiunan;Bagus;Iya
Mpok Nori;Tinggi;Dewasa;Wiraswasta;Bagus;Iya
Mpok Rina;Sedang;Lansia;Wiraswasta;Bagus;Iya
Mpok Siti;Sedang;Dewasa;Wiraswasta;Bagus;Iya
Muhammad Khan;Tinggi;Lansia;Karyawan;Bagus;Iya
Muhammad Rifky;Sedang;Dewasa;Karyawan;Bagus;Iya
Mutia Sari;Tinggi;Lansia;Pensiunan;Bagus;Tidak
Mutiara Basro;Sedang;Dewasa;Wiraswasta;Bagus;Iya
Mutiara Sari;Tinggi;Dewasa;Wiraswasta;Bagus;Iya
Mutiara Sari;Rendah;Dewasa;Karyawan;Buruk;Tidak
Muzakki Ramdhan;Rendah;Dewasa;Karyawan;Buruk;Tidak
Nabila Azizah;Sedang;Dewasa;Karyawan;Bagus;Iya
Nabila Putri;Tinggi;Lansia;Pensiunan;Bagus;Tidak
Nadia Zahra;Tinggi;Lansia;Wiraswasta;Bagus;Iya
Nadine Alexandra;Tinggi;Dewasa;Wiraswasta;Bagus;Iya
Nadine Chandrawinata;Tinggi;Dewasa;Karyawan;Bagus;Iya
Nafa Urbach;Sedang;Dewasa;Karyawan;Bagus;Iya
Nafa Urbach;Tinggi;Lansia;Pensiunan;Bagus;Tidak
Nagita Slavina;Tinggi;Dewasa;Wiraswasta;Bagus;Iya
Nagita Slavina;Rendah;Dewasa;Karyawan;Buruk;Tidak
Naimma Aljufri;Rendah;Dewasa;Karyawan;Buruk;Tidak
Nanda Fitri;Rendah;Dewasa;Karyawan;Buruk;Tidak
Nanda Maulana;Sedang;Dewasa;Wiraswasta;Bagus;Iya
Nania;Tinggi;Dewasa;Wiraswasta;Bagus;Iya
Naofa Daeli;Tinggi;Dewasa;Karyawan;Bagus;Iya
Nassar;Tinggi;Dewasa;Wiraswasta;Bagus;Iya
Natasha Rizky;Tinggi;Lansia;Pensiunan;Bagus;Tidak
Natasha Wilona;Tinggi;Lansia;Pensiunan;Bagus;Tidak
Natasha Wilona;Sedang;Dewasa;Karyawan;Bagus;Iya
Naufal Ho;Sedang;Dewasa;Wiraswasta;Bagus;Iya
Naura Ayu;Tinggi;Lansia;Wiraswasta;Bagus;Iya
Naysila Mirdad;Sedang;Dewasa;Wiraswasta;Bagus;Iya
Neno Warisman;Tinggi;Dewasa;Karyawan;Bagus;Iya
Neona;Sedang;Dewasa;Karyawan;Bagus;Iya
Nia Kurnia;Sedang;Dewasa;Karyawan;Bagus;Iya
Nia Ramadhani;Sedang;Dewasa;Karyawan;Bagus;Iya
Nicole Rossi;Sedang;Dewasa;Wiraswasta;Bagus;Iya
Nikita Mirzani;Tinggi;Lansia;Pensiunan;Bagus;Tidak
Nikita Willy;Tinggi;Dewasa;Pensiunan;Bagus;Iya
Nina Kozok;Sedang;Lansia;Wiraswasta;Bagus;Iya
Nina Susanti;Rendah;Dewasa;Karyawan;Buruk;Tidak
Nina Zatulini;Tinggi;Lansia;Pensiunan;Bagus;Tidak
Nindy Puspita;Rendah;Dewasa;Karyawan;Buruk;Tidak
Niniek L. Karim;Sedang;Dewasa;Wiraswasta;Bagus;Iya
Nino Fernandez;Rendah;Dewasa;Karyawan;Buruk;Tidak
Nirina Zubir;Tinggi;Dewasa;Karyawan;Bagus;Iya
Nisa Hasanah;Tinggi;Lansia;Pensiunan;Bagus;Tidak
Nita Wulandari;Tinggi;Lansia;Pensiunan;Bagus;Tidak
Novia Bachmid;Sedang;Dewasa;Wiraswasta;Bagus;Iya
Novita Angie;Tinggi;Dewasa;Wiraswasta;Bagus;Iya
Novita Sari;Tinggi;Lansia;Pensiunan;Bagus;Tidak
Nunung;Rendah;Dewasa;Karyawan;Buruk;Tidak
Nurhayati;Sedang;Dewasa;Wiraswasta;Bagus;Iya
Nurul Hikmah;Sedang;Dewasa;Wiraswasta;Bagus;Iya
Ochi Rosdiana;Tinggi;Lansia;Karyawan;Bagus;Iya
Oded K. D.;Tinggi;Lansia;Pensiunan;Bagus;Tidak
Oka Antara;Sedang;Dewasa;Karyawan;Bagus;Iya
Oka Antara;Rendah;Dewasa;Wiraswasta;Buruk;Tidak
Oki Setiana;Sedang;Dewasa;Karyawan;Bagus;Iya
Olga Lydia;Tinggi;Lansia;Pensiunan;Bagus;Tidak
Olga Syahputra;Rendah;Dewasa;Karyawan;Buruk;Tidak
Olivia Jensen;Sedang;Dewasa;Karyawan;Bagus;Iya
Olla Ramlan;Tinggi;Lansia;Pensiunan;Bagus;Tidak
Olla Ramlan;Rendah;Dewasa;Karyawan;Buruk;Tidak
Omesh;Rendah;Dewasa;Karyawan;Buruk;Tidak
Omesh;Tinggi;Dewasa;Karyawan;Bagus;Iya
Onky Alexander;Rendah;Dewasa;Karyawan;Buruk;Tidak
Opie Kumis;Tinggi;Lansia;Pensiunan;Bagus;Tidak
Opie Kumis;Tinggi;Lansia;Pensiunan;Bagus;Tidak
Ozy Syahputra;Rendah;Dewasa;Karyawan;Buruk;Tidak
Ozy Syahputra;Tinggi;Lansia;Wiraswasta;Bagus;Iya
Pamela Bowie;Rendah;Dewasa;Karyawan;Buruk;Tidak
Pandu Wijaya;Tinggi;Dewasa;Wiraswasta;Bagus;Iya
Panji Gumilang;Tinggi;Dewasa;Karyawan;Bagus;Iya
Panji Zoni;Tinggi;Dewasa;Karyawan;Bagus;Iya
Paramitha Rusady;Tinggi;Dewasa;Karyawan;Bagus;Iya
Parto;Sedang;Dewasa;Karyawan;Bagus;Iya
Pasha Ungu;Tinggi;Lansia;Pensiunan;Bagus;Tidak
Patrick Effendy;Tinggi;Dewasa;Karyawan;Bagus;Iya
Paul Agusta;Rendah;Dewasa;Karyawan;Buruk;Tidak
Paula Verhoeven;Sedang;Dewasa;Wiraswasta;Bagus;Iya
Pevita Pearce;Tinggi;Dewasa;Pensiunan;Bagus;Iya
Pevita Pearce;Sedang;Dewasa;Wiraswasta;Bagus;Iya
Pevita Pearce;Sedang;Lansia;Wiraswasta;Bagus;Iya
Pongki Barata;Tinggi;Lansia;Pensiunan;Bagus;Tidak
Poppy Sovia;Tinggi;Dewasa;Karyawan;Bagus;Iya
Prasetyo;Tinggi;Lansia;Pensiunan;Bagus;Tidak
Praz Teguh;Sedang;Dewasa;Wiraswasta;Bagus;Iya
Pricillia Pulliza;Tinggi;Lansia;Pensiunan;Bagus;Tidak
Prilly Latuconsina;Rendah;Dewasa;Karyawan;Buruk;Tidak
Prince Husein;Tinggi;Lansia;Wiraswasta;Bagus;Iya
Priscillia;Tinggi;Dewasa;Karyawan;Bagus;Iya
Prisia Nasution;Sedang;Dewasa;Karyawan;Bagus;Iya
Puspita Sari;Sedang;Dewasa;Karyawan;Bagus;Iya
Putra Dinata;Rendah;Dewasa;Karyawan;Buruk;Tidak
Putra Maharaja;Tinggi;Lansia;Pensiunan;Bagus;Tidak
Putra Siregar;Sedang;Dewasa;Karyawan;Bagus;Iya
Putri Ayu;Rendah;Dewasa;Karyawan;Buruk;Tidak
Putri Maulida;Tinggi;Lansia;Pensiunan;Bagus;Tidak
Putri Una;Tinggi;Lansia;Pensiunan;Bagus;Tidak
Qomar;Tinggi;Lansia;Wiraswasta;Bagus;Iya
Raditya Dika;Sedang;Dewasa;Karyawan;Bagus;Iya
Rafathar Malik Ahmad;Rendah;Dewasa;Wiraswasta;Buruk;Tidak
Raffi Ahmad;Tinggi;Lansia;Wiraswasta;Bagus;Iya
Raffi Ahmad;Tinggi;Lansia;Pensiunan;Bagus;Tidak
Raihan Khan;Tinggi;Lansia;Pensiunan;Bagus;Tidak
Raisa Andriani;Tinggi;Lansia;Pensiunan;Bagus;Tidak
Raisa Andriani;Tinggi;Dewasa;Karyawan;Bagus;Iya
Raline Shah;Sedang;Dewasa;Karyawan;Bagus;Iya
Rama Michael;Tinggi;Lansia;Pensiunan;Bagus;Tidak
Randi Pratama;Tinggi;Lansia;Pensiunan;Bagus;Tidak
Rangga Azof;Rendah;Dewasa;Karyawan;Buruk;Tidak
Rangga Dewamoela;Rendah;Dewasa;Wiraswasta;Buruk;Tidak
Rangga Dewamoela;Tinggi;Lansia;Pensiunan;Bagus;Tidak
Rangga Dewamoela;Rendah;Dewasa;Karyawan;Buruk;Tidak
Rangga Raditya;Tinggi;Lansia;Wiraswasta;Bagus;Iya
Rangga W.A.;Sedang;Dewasa;Karyawan;Bagus;Iya
Rani Permatasari;Tinggi;Lansia;Pensiunan;Bagus;Tidak
Rani Purnama;Tinggi;Lansia;Pensiunan;Bagus;Tidak
Rano Karno;Tinggi;Lansia;Pensiunan;Bagus;Tidak
Rano Karno;Tinggi;Dewasa;Pensiunan;Bagus;Iya
Rasyid Karim;Tinggi;Lansia;Pensiunan;Bagus;Tidak
Ratna Listy;Tinggi;Dewasa;Karyawan;Bagus;Iya
Ratna Sari;Tinggi;Lansia;Pensiunan;Bagus;Tidak
Ratu Felisha;Sedang;Dewasa;Karyawan;Bagus;Iya
Ratu Selvi;Tinggi;Lansia;Pensiunan;Bagus;Tidak
Ratu Sofya;Tinggi;Lansia;Pensiunan;Bagus;Tidak
Raymond Handaya;Rendah;Dewasa;Karyawan;Buruk;Tidak
Rebecca Klopper;Rendah;Dewasa;Karyawan;Buruk;Tidak
Rebecca Klopper;Tinggi;Lansia;Pensiunan;Bagus;Tidak
Refal Hady;Rendah;Dewasa;Karyawan;Buruk;Tidak
Reisa Broto Asmoro;Tinggi;Dewasa;Karyawan;Bagus;Iya
Rendi Bragi;Tinggi;Lansia;Karyawan;Bagus;Iya
Rendi Kurniawan;Tinggi;Dewasa;Pensiunan;Bagus;Iya
Rendi Permana;Tinggi;Lansia;Pensiunan;Bagus;Tidak
Rendra Prakoso;Rendah;Dewasa;Karyawan;Buruk;Tidak
Rendy Saputra;Tinggi;Dewasa;Karyawan;Bagus;Iya
Rendy Septino;Tinggi;Lansia;Pensiunan;Bagus;Tidak
Reni Marlina;Sedang;Dewasa;Karyawan;Bagus;Iya
Reno Ardiansyah;Tinggi;Dewasa;Pensiunan;Bagus;Iya
Reno Saputra;Tinggi;Dewasa;Karyawan;Bagus;Iya
Retno Wulandari;Tinggi;Lansia;Pensiunan;Bagus;Tidak
Revaldo;Tinggi;Dewasa;Karyawan;Bagus;Iya
Revi Maulana;Tinggi;Lansia;Pensiunan;Bagus;Tidak
Rey Bong;Tinggi;Lansia;Pensiunan;Bagus;Tidak
Reza Aditya;Tinggi;Lansia;Pensiunan;Bagus;Tidak
Reza Artamevia;Tinggi;Lansia;Pensiunan;Bagus;Tidak
Reza Fahlefi;Tinggi;Dewasa;Karyawan;Bagus;Iya
Reza Nangin;Tinggi;Dewasa;Pensiunan;Bagus;Iya
Reza Pahlevi;Tinggi;Dewasa;Karyawan;Bagus;Iya
Reza Rahadian;Tinggi;Dewasa;Wiraswasta;Bagus;Iya
Rezky Adhitya;Tinggi;Lansia;Wiraswasta;Bagus;Iya
Rezky Aditya;Tinggi;Lansia;Pensiunan;Bagus;Tidak
Rhoma Irama;Tinggi;Lansia;Pensiunan;Bagus;Tidak
Ria Ricis;Rendah;Dewasa;Karyawan;Buruk;Tidak
Rian Hidayat;Tinggi;Dewasa;Karyawan;Bagus;Iya
Rian Saputra;Tinggi;Dewasa;Karyawan;Bagus;Iya
Rianti Cartwright;Sedang;Dewasa;Karyawan;Bagus;Iya
Rianti Cartwright;Tinggi;Lansia;Pensiunan;Bagus;Tidak
Rianty Silva;Tinggi;Lansia;Wiraswasta;Bagus;Iya
Ricky Harun;Sedang;Lansia;Wiraswasta;Bagus;Iya
Ricky Harun;Tinggi;Lansia;Pensiunan;Bagus;Tidak
Ricky Wowiling;Sedang;Dewasa;Karyawan;Bagus;Iya
Ricky Yudhistira;Rendah;Dewasa;Wiraswasta;Buruk;Tidak
Ridho Alfaresi;Sedang;Dewasa;Karyawan;Bagus;Iya
Ridho Syahreza;Tinggi;Lansia;Pensiunan;Bagus;Tidak
Ridwan Ghani;Tinggi;Dewasa;Karyawan;Bagus;Iya
Ridwan Hamid;Rendah;Dewasa;Karyawan;Bagus;Tidak
Ridwan Setiawan;Tinggi;Lansia;Pensiunan;Bagus;Tidak
Rifki Maulana;Tinggi;Dewasa;Karyawan;Bagus;Iya
Rifky Balweel;Rendah;Dewasa;Karyawan;Buruk;Tidak
Rifky Balweel;Tinggi;Dewasa;Wiraswasta;Bagus;Iya
Rifnu Wikana;Tinggi;Lansia;Pensiunan;Bagus;Tidak
Rigen;Tinggi;Dewasa;Karyawan;Bagus;Iya
Rigen Rakelna;Rendah;Dewasa;Karyawan;Buruk;Tidak
Rihana Rihanna;Rendah;Dewasa;Karyawan;Buruk;Tidak
Riko Permadi;Rendah;Dewasa;Karyawan;Buruk;Tidak
Rikrik Rizki;Tinggi;Lansia;Pensiunan;Bagus;Tidak
Rina Hasyim;Tinggi;Dewasa;Karyawan;Bagus;Iya
Rina Melati;Tinggi;Lansia;Pensiunan;Bagus;Tidak
Rina Mulyani;Tinggi;Dewasa;Pensiunan;Bagus;Iya
Rina Nose;Tinggi;Lansia;Pensiunan;Bagus;Tidak
Ringgo Agus;Tinggi;Lansia;Pensiunan;Bagus;Tidak
Rio Alba;Rendah;Dewasa;Karyawan;Buruk;Tidak
Rio Dewanto;Rendah;Dewasa;Karyawan;Bagus;Tidak
Rio Dewanto;Tinggi;Lansia;Pensiunan;Bagus;Tidak
Rio Febrian;Rendah;Dewasa;Karyawan;Buruk;Tidak
Rio Ferdiansyah;Rendah;Dewasa;Karyawan;Buruk;Tidak
Riri Mulyani;Tinggi;Dewasa;Pensiunan;Bagus;Iya
Ririn Dwi Ariyanti;Tinggi;Lansia;Pensiunan;Bagus;Tidak
Ririn Marlina;Tinggi;Dewasa;Wiraswasta;Bagus;Iya
Riska Amelia;Tinggi;Lansia;Pensiunan;Bagus;Tidak
Riski Ardian;Tinggi;Dewasa;Karyawan;Bagus;Iya
Rizal Muhaimin;Tinggi;Dewasa;Pensiunan;Bagus;Iya
Rizaldi Anwar;Sedang;Lansia;Wiraswasta;Bagus;Iya
Rizaldi Firdaus;Sedang;Lansia;Wiraswasta;Bagus;Iya
Rizki Ananda;Rendah;Dewasa;Wiraswasta;Buruk;Tidak
Rizki Fauzan;Rendah;Dewasa;Karyawan;Buruk;Tidak
Rizki Maulana;Tinggi;Lansia;Pensiunan;Bagus;Tidak
Rizki Ramadhan;Tinggi;Lansia;Pensiunan;Bagus;Tidak
Rizky Alatas;Tinggi;Dewasa;Karyawan;Bagus;Iya
Rizky Fadilah;Tinggi;Lansia;Pensiunan;Bagus;Tidak
Rizky Febian;Sedang;Dewasa;Karyawan;Bagus;Iya
Rizky Febian;Sedang;Dewasa;Wiraswasta;Bagus;Iya
Rizky Hanggono;Sedang;Lansia;Wiraswasta;Bagus;Iya
Rizky Hanggono;Tinggi;Dewasa;Wiraswasta;Bagus;Iya
Rizky Inggar;Tinggi;Lansia;Pensiunan;Bagus;Tidak
Rizky Inggar;Tinggi;Lansia;Wiraswasta;Bagus;Iya
Rizky Kinos;Tinggi;Lansia;Pensiunan;Bagus;Tidak
Rizky Mocil;Tinggi;Dewasa;Pensiunan;Bagus;Iya
Rizky Mocil;Rendah;Dewasa;Karyawan;Buruk;Tidak
Rizky Mocil;Tinggi;Dewasa;Wiraswasta;Bagus;Iya
Rizky Nazar;Sedang;Lansia;Wiraswasta;Bagus;Iya
Rizky Nazar;Rendah;Dewasa;Karyawan;Buruk;Tidak
Rizky Pratama;Tinggi;Dewasa;Wiraswasta;Bagus;Iya
Rizky Ramadhani;Rendah;Dewasa;Wiraswasta;Buruk;Tidak
Robby Purba;Tinggi;Lansia;Pensiunan;Bagus;Tidak
Roger Danuarta;Tinggi;Lansia;Pensiunan;Bagus;Tidak
Roger Danuarta;Tinggi;Lansia;Wiraswasta;Bagus;Iya
Roy Marten;Tinggi;Dewasa;Karyawan;Bagus;Iya
Roy Sungkono;Sedang;Dewasa;Karyawan;Bagus;Iya
Roy Sungkono;Tinggi;Lansia;Pensiunan;Bagus;Tidak
Rudi Cahyono;Rendah;Dewasa;Wiraswasta;Buruk;Tidak
Rudi Hartono;Tinggi;Lansia;Pensiunan;Bagus;Tidak
Rudi Hermawan;Tinggi;Dewasa;Karyawan;Bagus;Iya
Rudi Kurniawan;Tinggi;Dewasa;Karyawan;Bagus;Iya
Ryan Delon;Tinggi;Lansia;Pensiunan;Bagus;Tidak
Ryan Delon;Tinggi;Dewasa;Karyawan;Bagus;Iya
Ryan Dinata;Tinggi;Dewasa;Karyawan;Bagus;Iya
Ryan Hidayat;Rendah;Dewasa;Karyawan;Buruk;Tidak
Ryan Perdana;Sedang;Dewasa;Karyawan;Bagus;Iya
Ryan Riyanto;Tinggi;Dewasa;Karyawan;Bagus;Iya
Ryana Dea;Tinggi;Lansia;Wiraswasta;Bagus;Iya
Ryana Dea;Tinggi;Lansia;Pensiunan;Bagus;Tidak
Sakurta Ginting;Tinggi;Lansia;Pensiunan;Bagus;Tidak
Salma Salsabila;Tinggi;Lansia;Wiraswasta;Bagus;Iya
Salsabila Zahra;Tinggi;Lansia;Pensiunan;Bagus;Tidak
Salshabilla Adriani;Tinggi;Dewasa;Karyawan;Bagus;Iya
Salshabilla Adriani;Rendah;Dewasa;Karyawan;Buruk;Tidak
Sammy Simorangkir;Tinggi;Dewasa;Karyawan;Bagus;Iya
Samuel Rizal;Sedang;Dewasa;Karyawan;Bagus;Iya
Samuel Zylgwyn;Sedang;Dewasa;Karyawan;Bagus;Iya
Sandra Dewi;Tinggi;Lansia;Wiraswasta;Bagus;Iya
Sandrina Azzahra;Tinggi;Lansia;Pensiunan;Bagus;Tidak
Sandrina Azzahra;Tinggi;Dewasa;Pensiunan;Bagus;Iya
Sandy Irawan;Rendah;Dewasa;Karyawan;Buruk;Tidak
Sara Fajira;Tinggi;Lansia;Pensiunan;Bagus;Tidak
Sarah Maulida;Rendah;Dewasa;Karyawan;Buruk;Tidak
Sarah Vi;Tinggi;Lansia;Wiraswasta;Bagus;Iya
Sari Dewi;Sedang;Dewasa;Wiraswasta;Bagus;Iya
Sari Dewi;Sedang;Dewasa;Karyawan;Bagus;Iya
Sari Mutiara;Rendah;Dewasa;Karyawan;Buruk;Tidak
Sari Nila;Tinggi;Lansia;Pensiunan;Bagus;Tidak
Sari Puspita;Sedang;Dewasa;Karyawan;Bagus;Iya
Sasha Natasha;Rendah;Dewasa;Karyawan;Buruk;Tidak
Satrio Budiman;Sedang;Dewasa;Wiraswasta;Bagus;Iya
Selly Novita;Tinggi;Lansia;Pensiunan;Bagus;Tidak
Septy Wulandari;Tinggi;Lansia;Pensiunan;Bagus;Tidak
Shandy Aulia;Sedang;Dewasa;Karyawan;Bagus;Iya
Shani JKT48;Sedang;Dewasa;Wiraswasta;Bagus;Iya
Shareefa Daanish;Tinggi;Lansia;Pensiunan;Bagus;Tidak
Sheila Marcia;Sedang;Dewasa;Karyawan;Bagus;Iya
Sheila Marcia;Tinggi;Lansia;Pensiunan;Bagus;Tidak
Sheila Rizkyana;Tinggi;Lansia;Pensiunan;Bagus;Tidak
Sheila Rusli;Tinggi;Dewasa;Wiraswasta;Bagus;Iya
Shenina Cinnamon;Sedang;Dewasa;Karyawan;Bagus;Iya
Shenina Cinnamon;Tinggi;Dewasa;Karyawan;Bagus;Iya
Shinta Dewi;Tinggi;Dewasa;Karyawan;Bagus;Iya
Sigit Prayogo;Tinggi;Lansia;Pensiunan;Bagus;Tidak
Sinta Nurjanah;Tinggi;Lansia;Pensiunan;Bagus;Tidak
Sinyorita Esperanza;Tinggi;Lansia;Pensiunan;Bagus;Tidak
Siska Dewi;Sedang;Dewasa;Karyawan;Bagus;Iya
Sissy Priscillia;Sedang;Dewasa;Karyawan;Bagus;Iya
Siti Nurhaliza;Tinggi;Lansia;Pensiunan;Bagus;Tidak
Slank;Rendah;Dewasa;Karyawan;Buruk;Tidak
Soimah Pancawati;Tinggi;Dewasa;Karyawan;Bagus;Iya
Soimah Pancawati;Rendah;Dewasa;Wiraswasta;Buruk;Tidak
Sonia Alexa;Sedang;Dewasa;Karyawan;Bagus;Iya
Sophia Latjuba;Tinggi;Lansia;Pensiunan;Bagus;Tidak
Sri Rejeki;Tinggi;Dewasa;Wiraswasta;Bagus;Iya
Sri Wahyuni;Tinggi;Dewasa;Wiraswasta;Bagus;Iya
Stefan William;Tinggi;Dewasa;Karyawan;Bagus;Iya
Stefani Horison;Tinggi;Dewasa;Pensiunan;Bagus;Iya
Stefanus Lili;Tinggi;Dewasa;Pensiunan;Bagus;Iya
Steffi Zamora;Tinggi;Lansia;Pensiunan;Bagus;Tidak
Stevan Pasaribu;Sedang;Dewasa;Karyawan;Bagus;Iya
Steve Emmanuel;Tinggi;Dewasa;Pensiunan;Bagus;Iya
Steve Parinussa;Rendah;Dewasa;Karyawan;Buruk;Tidak
Steven William;Tinggi;Lansia;Pensiunan;Bagus;Tidak
Sule;Tinggi;Lansia;Pensiunan;Bagus;Tidak
Surya Saputra;Sedang;Dewasa;Karyawan;Bagus;Iya
Surya Saputra;Tinggi;Dewasa;Pensiunan;Bagus;Iya
Surya Wijaya;Tinggi;Dewasa;Pensiunan;Bagus;Iya
Sutan Bhatoegana;Rendah;Dewasa;Karyawan;Buruk;Tidak
Sutisna;Sedang;Dewasa;Karyawan;Bagus;Iya
Syahnaz Sadiqah;Tinggi;Dewasa;Pensiunan;Bagus;Iya
Syahnaz Sadiqah;Tinggi;Dewasa;Karyawan;Bagus;Iya
Syahrini;Tinggi;Dewasa;Wiraswasta;Bagus;Iya
Syahrul Ramadhan;Rendah;Dewasa;Karyawan;Buruk;Tidak
Syakira Nurul;Rendah;Dewasa;Wiraswasta;Buruk;Tidak
Tania Dwi;Tinggi;Lansia;Pensiunan;Bagus;Tidak
Tanta Ginting;Tinggi;Lansia;Pensiunan;Bagus;Tidak
Tanta Ginting;Tinggi;Lansia;Wiraswasta;Bagus;Iya
Tari Yunita;Tinggi;Lansia;Pensiunan;Bagus;Tidak
Tarra Budiman;Tinggi;Lansia;Pensiunan;Bagus;Tidak
Tasya Nurfadila;Tinggi;Lansia;Wiraswasta;Bagus;Iya
Tatjana Saphira;Tinggi;Dewasa;Pensiunan;Bagus;Iya
Taufik Hidayat;Tinggi;Dewasa;Wiraswasta;Bagus;Iya
Taufik Hidayat;Sedang;Dewasa;Karyawan;Bagus;Iya
Tessa Kaunang;Tinggi;Dewasa;Pensiunan;Bagus;Iya
Teuku Rassya;Sedang;Dewasa;Karyawan;Bagus;Iya
Teuku Rifnu Wikana;Rendah;Dewasa;Karyawan;Bagus;Tidak
Teuku Ryan;Sedang;Dewasa;Karyawan;Bagus;Iya
Teuku Wisnu;Rendah;Dewasa;Karyawan;Buruk;Tidak
Thalia;Tinggi;Lansia;Wiraswasta;Bagus;Iya
Thariq Halilintar;Tinggi;Lansia;Pensiunan;Bagus;Tidak
Tiara Andini;Tinggi;Dewasa;Karyawan;Bagus;Iya
Tiara Azizah;Rendah;Dewasa;Karyawan;Buruk;Tidak
Tika Mulyani;Tinggi;Lansia;Wiraswasta;Bagus;Iya
Tika Putri;Tinggi;Lansia;Pensiunan;Bagus;Tidak
Tio Pakusadewo;Rendah;Dewasa;Karyawan;Buruk;Tidak
Tissa Biani;Tinggi;Lansia;Pensiunan;Bagus;Tidak
Titi DJ;Sedang;Dewasa;Karyawan;Bagus;Iya
Titi Kamal;Tinggi;Lansia;Pensiunan;Bagus;Tidak
Tompi;Tinggi;Dewasa;Wiraswasta;Bagus;Iya
Tomy Setiawan;Tinggi;Dewasa;Karyawan;Bagus;Iya
Tora Sudiro;Rendah;Dewasa;Karyawan;Buruk;Tidak
Tora Sudiro;Rendah;Dewasa;Karyawan;Buruk;Tidak
Tretan Muslim;Tinggi;Dewasa;Pensiunan;Bagus;Iya
Trio Macan;Rendah;Dewasa;Karyawan;Buruk;Tidak
Tukul Arwana;Tinggi;Dewasa;Wiraswasta;Bagus;Iya
Tya Ariestya;Tinggi;Dewasa;Karyawan;Bagus;Iya
Tya Arifin;Rendah;Dewasa;Wiraswasta;Buruk;Tidak
Tyas Mirasih;Rendah;Dewasa;Wiraswasta;Buruk;Tidak
Ucok Baba;Tinggi;Lansia;Pensiunan;Bagus;Tidak
Udin Sedunia;Tinggi;Dewasa;Wiraswasta;Bagus;Iya
Uli Auliani;Rendah;Dewasa;Karyawan;Buruk;Tidak
Uli Auliani;Tinggi;Dewasa;Wiraswasta;Bagus;Iya
Ussy Sulistiawaty;Tinggi;Lansia;Pensiunan;Bagus;Tidak
Ussy Sulistiawaty;Sedang;Dewasa;Karyawan;Bagus;Iya
Uus;Rendah;Dewasa;Karyawan;Buruk;Tidak
Vabyo Mauriz;Sedang;Dewasa;Karyawan;Bagus;Iya
Valentino Simanjuntak;Sedang;Dewasa;Wiraswasta;Bagus;Iya
Vanda Rainy;Tinggi;Dewasa;Pensiunan;Bagus;Iya
Vanessa Angel;Tinggi;Dewasa;Karyawan;Bagus;Iya
Vanessa Angel;Sedang;Lansia;Wiraswasta;Bagus;Iya
Velove Vexia;Tinggi;Lansia;Pensiunan;Bagus;Tidak
Vera Oktaviani;Sedang;Dewasa;Karyawan;Bagus;Iya
Verlita Evelyn;Tinggi;Dewasa;Wiraswasta;Bagus;Iya
Verlita Evelyn;Tinggi;Lansia;Pensiunan;Bagus;Tidak
Vicky Nitinegoro;Sedang;Dewasa;Wiraswasta;Bagus;Iya
Vicky Prasetyo;Tinggi;Dewasa;Wiraswasta;Bagus;Iya
Vicky Shu;Rendah;Dewasa;Karyawan;Buruk;Tidak
Vicky Shu;Rendah;Dewasa;Karyawan;Buruk;Tidak
Vidi Aldiano;Tinggi;Lansia;Karyawan;Bagus;Iya
Vina Rosdiana;Sedang;Dewasa;Karyawan;Bagus;Iya
Vina Safira;Tinggi;Lansia;Pensiunan;Bagus;Tidak
Vino Bastian;Tinggi;Dewasa;Wiraswasta;Bagus;Iya
Vino G. Bastian;Sedang;Dewasa;Karyawan;Bagus;Iya
Virgoun;Rendah;Dewasa;Karyawan;Buruk;Tidak
Virnie Ismail;Tinggi;Dewasa;Karyawan;Bagus;Iya
Wafda Saifan;Rendah;Dewasa;Karyawan;Buruk;Tidak
Wahid Hasyim;Tinggi;Dewasa;Pensiunan;Bagus;Iya
Wahyu Nugroho;Tinggi;Dewasa;Karyawan;Bagus;Iya
Wahyu Setiawan;Rendah;Dewasa;Karyawan;Buruk;Tidak
Wendy;Tinggi;Lansia;Pensiunan;Bagus;Tidak
Wendy Cagur;Sedang;Dewasa;Wiraswasta;Bagus;Iya
Wendy Walters;Tinggi;Lansia;Wiraswasta;Bagus;Iya
Wika Salim;Tinggi;Lansia;Pensiunan;Bagus;Tidak
Wina Marinto;Tinggi;Lansia;Pensiunan;Bagus;Tidak
Winda Sari;Sedang;Dewasa;Karyawan;Bagus;Iya
Winda Viska;Rendah;Dewasa;Karyawan;Buruk;Tidak
Winky Wiryawan;Tinggi;Lansia;Pensiunan;Bagus;Tidak
Winky Wiryawan;Sedang;Dewasa;Wiraswasta;Bagus;Iya
Wulan Anggreini;Tinggi;Dewasa;Karyawan;Bagus;Iya
Wulan Dari;Tinggi;Lansia;Pensiunan;Bagus;Tidak
Wulan Guritno;Rendah;Dewasa;Karyawan;Buruk;Tidak
Yadi Sembako;Tinggi;Lansia;Pensiunan;Bagus;Tidak
Yandi Kurniawan;Tinggi;Lansia;Pensiunan;Bagus;Tidak
Yasamin Jasem;Tinggi;Lansia;Pensiunan;Bagus;Tidak
Yasmin Napper;Tinggi;Lansia;Pensiunan;Bagus;Tidak
Yasmine Wildblood;Rendah;Dewasa;Karyawan;Buruk;Tidak
Yasmine Wildblood;Rendah;Dewasa;Karyawan;Buruk;Tidak
Yendri Huddami;Rendah;Dewasa;Karyawan;Buruk;Tidak
Yenny Rachmawati;Tinggi;Dewasa;Wiraswasta;Bagus;Iya
Yoga Maulana;Tinggi;Dewasa;Karyawan;Bagus;Iya
Yoga Pratama;Tinggi;Lansia;Pensiunan;Bagus;Tidak
Yohanes Kevin;Sedang;Dewasa;Karyawan;Bagus;Iya
Yoriko Angeline;Tinggi;Dewasa;Karyawan;Bagus;Iya
Yosef Manurung;Sedang;Dewasa;Wiraswasta;Bagus;Iya
Yoseph Hutabarat;Tinggi;Dewasa;Karyawan;Bagus;Iya
Yuda Pratama;Sedang;Dewasa;Karyawan;Bagus;Iya
Yudha Ilham;Tinggi;Dewasa;Karyawan;Bagus;Iya
Yudha Keling;Sedang;Dewasa;Wiraswasta;Bagus;Iya
Yudha Pahlevi;Tinggi;Lansia;Pensiunan;Bagus;Tidak
Yudha Pratama;Rendah;Dewasa;Karyawan;Buruk;Tidak
Yudi Hartono;Tinggi;Dewasa;Pensiunan;Bagus;Iya
Yuki Kato;Tinggi;Dewasa;Karyawan;Bagus;Iya
Yulia Anggraini;Rendah;Dewasa;Karyawan;Buruk;Tidak
Yulia Sari;Rendah;Dewasa;Karyawan;Buruk;Tidak
Yuni Shara;Tinggi;Lansia;Pensiunan;Bagus;Tidak
Yuni Shara;Tinggi;Lansia;Pensiunan;Bagus;Tidak
Yuni Shara;Tinggi;Dewasa;Wiraswasta;Bagus;Iya
Yuni Shara;Tinggi;Lansia;Pensiunan;Bagus;Tidak
Yusuf Mahardika;Rendah;Dewasa;Wiraswasta;Buruk;Tidak
Zacky Zimah;Tinggi;Lansia;Pensiunan;Bagus;Tidak
Zainal Abidin;Tinggi;Dewasa;Karyawan;Bagus;Iya
Zaskia Adya;Rendah;Dewasa;Karyawan;Buruk;Tidak
Zaskia Adya Mecca;Rendah;Dewasa;Karyawan;Buruk;Tidak
Zaskia Adya Mecca;Tinggi;Lansia;Pensiunan;Bagus;Tidak
Zaskia Sungkar;Tinggi;Dewasa;Wiraswasta;Bagus;Iya
Zee JKT48;Tinggi;Lansia;Pensiunan;Bagus;Tidak
Zee JKT48;Tinggi;Lansia;Pensiunan;Bagus;Tidak
Zidni Hakim;Tinggi;Dewasa;Karyawan;Bagus;Iya
Ziva Magnolya;Sedang;Dewasa;Karyawan;Bagus;Iya
Ziva Magnolya;Tinggi;Lansia;Wiraswasta;Bagus;Iya
Zizan Razak;Tinggi;Lansia;Pensiunan;Bagus;Tidak
Zoe Abbas Jackson;Tinggi;Dewasa;Karyawan;Bagus;Iya
Zsa Zsa Utari;Tinggi;Lansia;Pensiunan;Bagus;Tidak
